quyulink,page
https://xuzhou.anjuke.com/sale/quanshan-q-bhxtd/,1
https://xuzhou.anjuke.com/sale/quanshan-q-xzbsw/,3
https://xuzhou.anjuke.com/sale/quanshan-q-xzdfy/,1
https://xuzhou.anjuke.com/sale/quanshan-q-darf/,4
https://xuzhou.anjuke.com/sale/quanshan-q-dzgc/,9
https://xuzhou.anjuke.com/sale/quanshan-q-xzetyy/,4
https://xuzhou.anjuke.com/sale/quanshan-q-fenghj/,1
https://xuzhou.anjuke.com/sale/quanshan-q-fenghy/,6
https://xuzhou.anjuke.com/sale/quanshan-q-fengmk/,1
https://xuzhou.anjuke.com/sale/quanshan-q-guofj/,1
https://xuzhou.anjuke.com/sale/quanshan-q-guibcfds/,1
https://xuzhou.anjuke.com/sale/quanshan-q-guzcyz/,2
https://xuzhou.anjuke.com/sale/quanshan-q-xzhqq/,1
https://xuzhou.anjuke.com/sale/quanshan-q-hsw/,1
https://xuzhou.anjuke.com/sale/quanshan-q-huaihxl/,4
https://xuzhou.anjuke.com/sale/quanshan-q-hxkyz/,7
https://xuzhou.anjuke.com/sale/quanshan-q-huaixxy/,1
https://xuzhou.anjuke.com/sale/quanshan-q-huanghnl/,2
https://xuzhou.anjuke.com/sale/quanshan-q-xzhbxq/,6
https://xuzhou.anjuke.com/sale/quanshan-q-xzhh/,38
https://xuzhou.anjuke.com/sale/quanshan-q-jhjd/,2
https://xuzhou.anjuke.com/sale/quanshan-q-jgxlu/,1
https://xuzhou.anjuke.com/sale/quanshan-q-yujingwanxz/,15
https://xuzhou.anjuke.com/sale/quanshan-q-jiulihua/,3
https://xuzhou.anjuke.com/sale/quanshan-q-xzkysj/,4
https://xuzhou.anjuke.com/sale/quanshan-q-xzkjxq/,1
https://xuzhou.anjuke.com/sale/quanshan-q-kuangydx/,7
https://xuzhou.anjuke.com/sale/quanshan-q-kyxm/,1
https://xuzhou.anjuke.com/sale/quanshan-q-nandfjq/,1
https://xuzhou.anjuke.com/sale/quanshan-q-ouzsc/,1
https://xuzhou.anjuke.com/sale/quanshan-q-xzqmbs/,5
https://xuzhou.anjuke.com/sale/quanshan-q-quanssl/,2
https://xuzhou.anjuke.com/sale/quanshan-q-xzsey/,4
https://xuzhou.anjuke.com/sale/quanshan-q-siy/,1
https://xuzhou.anjuke.com/sale/quanshan-q-xztslz/,2
https://xuzhou.anjuke.com/sale/quanshan-q-xzwzhy/,1
https://xuzhou.anjuke.com/sale/quanshan-q-xiaokr/,4
https://xuzhou.anjuke.com/sale/quanshan-q-xzxyjy/,4
https://xuzhou.anjuke.com/sale/quanshan-q-xyuan/,9
https://xuzhou.anjuke.com/sale/quanshan-q-ycal/,2
https://xuzhou.anjuke.com/sale/quanshan-q-yagccjxx/,1
https://xuzhou.anjuke.com/sale/quanshan-q-ynlgy/,1
https://xuzhou.anjuke.com/sale/quanshan-q-yunlh/,10
https://xuzhou.anjuke.com/sale/quanshan-q-zgsnl/,1
https://xuzhou.anjuke.com/sale/quanshan-q-zhongsj/,1
https://xuzhou.anjuke.com/sale/gulouqu-q-meishiyub/,3
https://xuzhou.anjuke.com/sale/gulouqu-q-daml/,1
https://xuzhou.anjuke.com/sale/gulouqu-q-xzdb/,8
https://xuzhou.anjuke.com/sale/gulouqu-q-dongz/,1
https://xuzhou.anjuke.com/sale/gulouqu-q-fygj/,1
https://xuzhou.anjuke.com/sale/gulouqu-q-glgc/,3
https://xuzhou.anjuke.com/sale/gulouqu-q-glhy/,1
https://xuzhou.anjuke.com/sale/gulouqu-q-gulouzb/,11
https://xuzhou.anjuke.com/sale/gulouqu-q-hanc/,1
https://xuzhou.anjuke.com/sale/gulouqu-q-xzhfyz/,3
https://xuzhou.anjuke.com/sale/gulouqu-q-hlshangsha/,1
https://xuzhou.anjuke.com/sale/gulouqu-q-xzxgy/,1
https://xuzhou.anjuke.com/sale/gulouqu-q-xzjmh/,7
https://xuzhou.anjuke.com/sale/gulouqu-q-jinshanqiao/,6
https://xuzhou.anjuke.com/sale/gulouqu-q-xzjxss/,2
https://xuzhou.anjuke.com/sale/gulouqu-q-xzjiuli/,22
https://xuzhou.anjuke.com/sale/gulouqu-q-jiulifengjing/,2
https://xuzhou.anjuke.com/sale/gulouqu-q-xzjlh/,5
https://xuzhou.anjuke.com/sale/gulouqu-q-meigl/,2
https://xuzhou.anjuke.com/sale/gulouqu-q-minzbl/,1
https://xuzhou.anjuke.com/sale/gulouqu-q-pengchenggc/,10
https://xuzhou.anjuke.com/sale/gulouqu-q-xzqsw/,13
https://xuzhou.anjuke.com/sale/gulouqu-q-qingyqx/,5
https://xuzhou.anjuke.com/sale/gulouqu-q-sidj/,2
https://xuzhou.anjuke.com/sale/gulouqu-q-xzxd/,11
https://xuzhou.anjuke.com/sale/gulouqu-q-xgmdj/,1
https://xuzhou.anjuke.com/sale/gulouqu-q-xzxhxq/,7
https://xuzhou.anjuke.com/sale/gulouqu-q-xiangshanl/,1
https://xuzhou.anjuke.com/sale/gulouqu-q-xzyz/,6
https://xuzhou.anjuke.com/sale/gulouqu-q-xzzwy/,3
https://xuzhou.anjuke.com/sale/yunlongqu-q-chuw/,2
https://xuzhou.anjuke.com/sale/yunlongqu-q-fengcj/,1
https://xuzhou.anjuke.com/sale/yunlongqu-q-xzgzl/,2
https://xuzhou.anjuke.com/sale/yunlongqu-q-hsxc/,2
https://xuzhou.anjuke.com/sale/yunlongqu-q-hubs/,1
https://xuzhou.anjuke.com/sale/yunlongqu-q-xzhcz/,3
https://xuzhou.anjuke.com/sale/yunlongqu-q-jiuq/,8
https://xuzhou.anjuke.com/sale/yunlongqu-q-kuaizt/,1
https://xuzhou.anjuke.com/sale/yunlongqu-q-lvdisjc/,3
https://xuzhou.anjuke.com/sale/yunlongqu-q-xzmfy/,3
https://xuzhou.anjuke.com/sale/yunlongqu-q-minznl/,1
https://xuzhou.anjuke.com/sale/yunlongqu-q-pengcl/,1
https://xuzhou.anjuke.com/sale/yunlongqu-q-qckycz/,3
https://xuzhou.anjuke.com/sale/yunlongqu-q-xzqnl/,2
https://xuzhou.anjuke.com/sale/yunlongqu-q-qingnld/,1
https://xuzhou.anjuke.com/sale/yunlongqu-q-xzssmd/,1
https://xuzhou.anjuke.com/sale/yunlongqu-q-shidabm/,1
https://xuzhou.anjuke.com/sale/yunlongqu-q-smgc/,1
https://xuzhou.anjuke.com/sale/yunlongqu-q-shipincheng/,2
https://xuzhou.anjuke.com/sale/yunlongqu-q-tianqd/,1
https://xuzhou.anjuke.com/sale/yunlongqu-q-xzwdgc/,7
https://xuzhou.anjuke.com/sale/yunlongqu-q-woerm/,3
https://xuzhou.anjuke.com/sale/yunlongqu-q-ximt/,1
https://xuzhou.anjuke.com/sale/yunlongqu-q-xinhuaizhongxin/,46
https://xuzhou.anjuke.com/sale/yunlongqu-q-xuanwsc/,1
https://xuzhou.anjuke.com/sale/yunlongqu-q-xzylhf/,1
https://xuzhou.anjuke.com/sale/yunlongqu-q-yunlongzb/,5
https://xuzhou.anjuke.com/sale/tongshanqu-q-xzgguojichengbang/,43
https://xuzhou.anjuke.com/sale/tongshanqu-q-xzjlfhc/,28
https://xuzhou.anjuke.com/sale/tongshanqu-q-xzjly/,1
https://xuzhou.anjuke.com/sale/tongshanqu-q-minyinggyy/,3
https://xuzhou.anjuke.com/sale/tongshanqu-q-xztxs/,7
https://xuzhou.anjuke.com/sale/tongshanqu-q-xztswd/,29
https://xuzhou.anjuke.com/sale/tongshanqu-q-tongsxq/,33
https://xuzhou.anjuke.com/sale/tongshanqu-q-xzwtkc/,2
https://xuzhou.anjuke.com/sale/jinshanqiaokaifaqu-q-xzblsz/,2
https://xuzhou.anjuke.com/sale/jinshanqiaokaifaqu-q-xzczgjhy/,7
https://xuzhou.anjuke.com/sale/jinshanqiaokaifaqu-q-xzgtz/,44
https://xuzhou.anjuke.com/sale/jinshanqiaokaifaqu-q-xzjinlonghu/,8
https://xuzhou.anjuke.com/sale/jinshanqiaokaifaqu-q-xzpthy/,1
https://xuzhou.anjuke.com/sale/jinshanqiaokaifaqu-q-xztlsyj/,2
https://xuzhou.anjuke.com/sale/suiningshi-q-chengqucn/,50
https://xuzhou.anjuke.com/sale/xinchengqux-q-xzatzx/,19
https://xuzhou.anjuke.com/sale/xinchengqux-q-chunguanglu/,1
https://xuzhou.anjuke.com/sale/xinchengqux-q-xzdlh/,13
https://xuzhou.anjuke.com/sale/xinchengqux-q-xzxcqfenghuanglu/,1
https://xuzhou.anjuke.com/sale/xinchengqux-q-linchun/,1
https://xuzhou.anjuke.com/sale/xinchengqux-q-linchunhe/,1
https://xuzhou.anjuke.com/sale/xinchengqux-q-xzlhgj/,1
https://xuzhou.anjuke.com/sale/xinchengqux-q-ldswc/,11
https://xuzhou.anjuke.com/sale/xinchengqux-q-xzqnlxx/,3
https://xuzhou.anjuke.com/sale/xinchengqux-q-rencaijiayuan/,2
https://xuzhou.anjuke.com/sale/xinchengqux-q-shagnpinjie/,1
https://xuzhou.anjuke.com/sale/xinchengqux-q-xzswc/,5
https://xuzhou.anjuke.com/sale/xinchengqux-q-xiagnruilu/,1
https://xuzhou.anjuke.com/sale/xinchengqux-q-xiayangtian/,1
https://xuzhou.anjuke.com/sale/xinchengqux-q-xzxxzx/,2
https://xuzhou.anjuke.com/sale/xinchengqux-q-xzxcq/,23
https://xuzhou.anjuke.com/sale/xinchengqux-q-xzxcqyuechuanlu/,1
https://xuzhou.anjuke.com/sale/xinchengqux-q-yczl/,1
https://xuzhou.anjuke.com/sale/fengxiana-q-chengqufc/,22
https://xuzhou.anjuke.com/sale/jiawang-q-buxj/,5
https://xuzhou.anjuke.com/sale/jiawang-q-dahuangshan/,1
https://xuzhou.anjuke.com/sale/jiawang-q-qingsqz/,12
https://xuzhou.anjuke.com/sale/jiawang-q-renmingy/,2
https://xuzhou.anjuke.com/sale/jiawang-q-shijxl/,7
https://xuzhou.anjuke.com/sale/jiawang-q-xzxxlk/,23
https://xuzhou.anjuke.com/sale/pizhoushi-q-xzzzmzl/,8
https://xuzhou.anjuke.com/sale/pizhoushi-q-zhujiangdongluxz/,23
https://xuzhou.anjuke.com/sale/pizhoushi-q-fuzhouluxz/,50
https://xuzhou.anjuke.com/sale/pizhoushi-q-yxddxz/,13
https://xuzhou.anjuke.com/sale/pizhoushi-q-pzhczxz/,4
https://xuzhou.anjuke.com/sale/peixian-q-xiangchengluxz/,5
https://xuzhou.anjuke.com/sale/peixian-q-jiulongchengxz/,20
https://xuzhou.anjuke.com/sale/peixian-q-hongguangluxz/,12
https://xuzhou.anjuke.com/sale/peixian-q-hanjiexz/,10
https://xuzhou.anjuke.com/sale/xinyishi-q-jianyeluxz/,42
https://xuzhou.anjuke.com/sale/xinyishi-q-xinhualuxz/,13
https://xuzhou.anjuke.com/sale/xinyishi-q-nanjingluxz/,11
https://xuzhou.anjuke.com/sale/xuzhouzhoubianb-q-xuzhoushi/,1
